Name,Email,Phone,Address
Robert Thomas,robert.thomas173@gmail.com,(878) 749-3713,"9423 Maple Ave, San Antonio, MI 89713"
Laura Rodriguez,laura.rodriguez171@yahoo.com,(909) 529-5778,"2676 Maple Ave, Portland, ME 35010"
Ruth Lewis,ruth.lewis900@yandex.com,(915) 681-6222,"9759 Cedar Ln, Nashville, TN 21680"
Jessica Rodriguez,jessica.rodriguez@yahoo.com,(767) 398-6042,"4917 Main St, Oklahoma City, KS 29974"
Matthew Perez,matthew.perez514@protonmail.com,(805) 989-3365,"857 Main St, Fort Worth, VT 68823"
Sharon Torres,sharon.torres@gmail.com,(745) 955-8458,"3409 Park Dr, Los Angeles, OK 35481"
William Miller,william.miller@zoho.com,(635) 731-6501,"2453 Elm St, Fort Worth, MI 57297"
Richard Jackson,richard.jackson@protonmail.com,(570) 329-5852,"60 Elm St, Miami, ID 88708"
Ruth Brown,ruth.brown@zoho.com,(362) 580-7945,"2245 Lincoln Ave, Fresno, CT 10047"
William King,william.king@yandex.com,(758) 954-5049,"7339 Cedar Ln, Sacramento, AR 56110"
Thomas Miller,thomas.miller@mail.com,(284) 628-2128,"8988 Park Dr, Miami, OR 85605"
Mary Perez,mary.perez@protonmail.com,(708) 858-2569,"4126 Maple Ave, Kansas City, AZ 91452"
Patricia Nguyen,patricia.nguyen@zoho.com,(754) 724-3225,"8535 Lincoln Ave, Tucson, CA 24185"
Anthony Davis,anthony.davis@gmail.com,(473) 202-6096,"1569 Washington St, Detroit, NC 70004"
Jennifer Lopez,jennifer.lopez@aol.com,(569) 408-6971,"3144 Park Dr, Milwaukee, AK 15061"
William Ramirez,william.ramirez@outlook.com,(426) 639-8609,"2142 Main St, Nashville, NY 11218"
Joshua Thomas,joshua.thomas@yahoo.com,(897) 925-7484,"1188 Oak Ave, Miami, TX 45371"
George Jackson,george.jackson@icloud.com,(421) 785-1636,"1579 Maple Ave, Miami, OK 66412"
Jennifer Rodriguez,jennifer.rodriguez@zoho.com,(294) 733-6482,"948 Elm St, New York, AZ 83079"
Kenneth Young,kenneth.young@zoho.com,(822) 255-6387,"9623 Cedar Ln, Louisville, SC 28338"
Sharon Ramirez,sharon.ramirez79@protonmail.com,(278) 349-1519,"5724 Jefferson Dr, Atlanta, LA 51313"
Joseph Nguyen,joseph.nguyen@hotmail.com,(880) 268-5480,"4339 Washington St, Phoenix, MA 98892"
Jennifer Rodriguez,jennifer.rodriguez578@outlook.com,(467) 213-1171,"8874 Cedar Ln, Detroit, SC 70700"
Linda Garcia,linda.garcia@gmail.com,(908) 752-1480,"4801 Jefferson Dr, New York, MN 46046"
Joshua Jackson,joshua.jackson@aol.com,(703) 868-9039,"6530 Cedar Ln, Columbus, RI 88389"
David Ramirez,david.ramirez@gmail.com,(952) 934-1632,"4914 Washington St, Austin, WY 17784"
Andrew Walker,andrew.walker@mail.com,(535) 871-4978,"7993 Main St, Miami, IL 21868"
Lisa Smith,lisa.smith638@yahoo.com,(729) 631-3578,"9180 Pine Rd, Detroit, MD 12636"
Michelle White,michelle.white722@gmail.com,(360) 357-3297,"5225 Park Dr, San Diego, VA 99749"
Joseph Walker,joseph.walker@aol.com,(673) 692-9512,"9111 Park Dr, Dallas, KY 11180"
Ruth Robinson,ruth.robinson210@yandex.com,(293) 305-7373,"3682 Oak Ave, Oklahoma City, WI 40331"
Thomas Scott,thomas.scott@yandex.com,(288) 255-2839,"5485 Oak Ave, Colorado Springs, WV 54819"
Donna Thompson,donna.thompson@icloud.com,(515) 250-4736,"2918 Pine Rd, Detroit, OH 98112"
Richard Gonzalez,richard.gonzalez@outlook.com,(857) 690-1859,"4005 Lincoln Ave, Washington, MI 39417"
Michelle Johnson,michelle.johnson564@gmail.com,(336) 260-3394,"9733 Elm St, Nashville, ME 12318"
Donna Wilson,donna.wilson@yahoo.com,(204) 411-5854,"1727 Washington St, Fort Worth, AL 94092"
Kimberly Young,kimberly.young@icloud.com,(427) 487-2490,"4223 Pine Rd, Denver, OR 43046"
Christopher Allen,christopher.allen@gmail.com,(278) 999-2603,"9889 Lincoln Ave, San Francisco, NC 11877"
Andrew Gonzalez,andrew.gonzalez@gmail.com,(233) 799-3421,"3769 Main St, Boston, WV 98544"
William Smith,william.smith@mail.com,(281) 948-6602,"2373 Lincoln Ave, Miami, NM 96588"
Susan Robinson,susan.robinson@mail.com,(609) 828-6011,"2744 Main St, Washington, NM 12970"
Richard Lee,richard.lee600@gmail.com,(850) 871-6030,"1481 Park Dr, Boston, MI 36706"
Laura Perez,laura.perez@yandex.com,(633) 851-9673,"4062 Oak Ave, Charlotte, MA 72879"
Brian Davis,brian.davis@aol.com,(984) 264-3307,"3680 Park Dr, New York, KS 29432"
Dorothy Thomas,dorothy.thomas@outlook.com,(848) 513-8519,"2166 Cedar Ln, Kansas City, NY 48047"
Charles Johnson,charles.johnson@protonmail.com,(289) 622-4529,"205 Main St, Indianapolis, MO 15482"
Susan Garcia,susan.garcia@gmail.com,(822) 432-8585,"130 Elm St, Charlotte, AK 73809"
Richard Young,richard.young@protonmail.com,(917) 641-9911,"6616 Washington St, Detroit, VT 16231"
Daniel Sanchez,daniel.sanchez@yahoo.com,(992) 634-6578,"4008 Lincoln Ave, San Francisco, IL 60738"
Helen Sanchez,helen.sanchez985@icloud.com,(383) 921-4999,"8521 Cedar Ln, Chicago, DE 23397"
Carol Allen,carol.allen@hotmail.com,(507) 738-2305,"2958 Cedar Ln, Fresno, NE 80918"
Patricia Thomas,patricia.thomas@hotmail.com,(239) 551-7869,"5135 Pine Rd, Denver, MA 56288"
Elizabeth Clark,elizabeth.clark@yandex.com,(380) 608-7279,"1928 Washington St, Fresno, IL 50352"
Andrew Ramirez,andrew.ramirez777@hotmail.com,(824) 222-3667,"3659 Elm St, Sacramento, MI 94766"
Joseph Robinson,joseph.robinson679@hotmail.com,(567) 822-2335,"33 Pine Rd, Mesa, WA 40463"
David Robinson,david.robinson@zoho.com,(548) 575-9823,"1464 Pine Rd, Houston, NC 64721"
Daniel Torres,daniel.torres@icloud.com,(794) 738-4712,"8290 Main St, Detroit, WY 74188"
Dorothy Davis,dorothy.davis194@aol.com,(612) 865-2444,"6899 Park Dr, San Antonio, NY 84830"
William Rodriguez,william.rodriguez@outlook.com,(521) 713-1964,"1493 Park Dr, Los Angeles, CT 23019"
Barbara Clark,barbara.clark873@hotmail.com,(433) 731-4421,"7914 Main St, Las Vegas, OK 17088"
Karen Moore,karen.moore@mail.com,(531) 484-1379,"6540 Maple Ave, Charlotte, MS 27782"
Jennifer White,jennifer.white@hotmail.com,(266) 369-4478,"7454 Main St, Portland, NM 84066"
Jennifer Miller,jennifer.miller847@icloud.com,(794) 654-9599,"6837 Jefferson Dr, Louisville, ID 84226"
Sarah Miller,sarah.miller@yandex.com,(557) 639-5996,"2599 Cedar Ln, Washington, AZ 59263"
James Hill,james.hill@protonmail.com,(609) 469-7411,"4078 Lincoln Ave, Chicago, OK 29566"
Elizabeth Anderson,elizabeth.anderson318@outlook.com,(500) 217-5030,"4478 Pine Rd, Jacksonville, ND 63842"
Steven Smith,steven.smith370@yandex.com,(660) 774-5576,"3028 Main St, Miami, OK 99263"
James Martin,james.martin@yahoo.com,(503) 857-9329,"6658 Jefferson Dr, Denver, WY 68084"
Carol Hill,carol.hill186@hotmail.com,(810) 684-1334,"5670 Cedar Ln, Oklahoma City, CO 28357"
Andrew Walker,andrew.walker@gmail.com,(643) 549-5216,"3734 Jefferson Dr, El Paso, VA 24443"
Carol Lee,carol.lee@aol.com,(355) 641-7597,"3826 Lincoln Ave, Seattle, NC 90879"
Donna Martinez,donna.martinez112@outlook.com,(754) 937-7564,"4600 Oak Ave, El Paso, AZ 37763"
Jennifer Martin,jennifer.martin@yahoo.com,(898) 472-1318,"8241 Cedar Ln, Atlanta, ID 94617"
Brian Gonzalez,brian.gonzalez@protonmail.com,(366) 997-9621,"331 Park Dr, Austin, MO 13528"
Dorothy Davis,dorothy.davis411@outlook.com,(648) 846-3296,"5890 Cedar Ln, Jacksonville, NV 35704"
Susan Moore,susan.moore@yandex.com,(601) 334-2140,"3250 Elm St, Mesa, WV 86823"
Sarah Hill,sarah.hill@yahoo.com,(840) 330-4119,"7365 Lincoln Ave, Dallas, FL 29799"
Sarah Martinez,sarah.martinez@mail.com,(378) 558-2544,"6441 Oak Ave, Philadelphia, KY 67436"
Michelle Garcia,michelle.garcia@hotmail.com,(656) 523-8538,"6739 Maple Ave, Columbus, NV 25624"
Lisa Gonzalez,lisa.gonzalez@hotmail.com,(289) 534-9756,"5910 Washington St, Detroit, HI 32264"
Sharon King,sharon.king@gmail.com,(957) 381-5260,"3397 Pine Rd, Jacksonville, OH 75096"
Sharon Williams,sharon.williams@aol.com,(303) 662-9391,"8825 Park Dr, Kansas City, NY 64927"
Donald Johnson,donald.johnson@mail.com,(820) 644-7411,"5973 Lincoln Ave, San Jose, CO 93850"
Robert Hill,robert.hill@gmail.com,(643) 571-7665,"605 Maple Ave, Baltimore, MA 14323"
Lisa Robinson,lisa.robinson@zoho.com,(392) 666-4665,"2572 Lincoln Ave, Indianapolis, OH 86108"
Sandra Wilson,sandra.wilson129@zoho.com,(838) 246-5170,"2558 Park Dr, Washington, OK 81643"
Laura Jackson,laura.jackson@hotmail.com,(465) 233-5890,"5400 Oak Ave, Indianapolis, OR 71974"
Ruth Davis,ruth.davis@mail.com,(633) 344-2655,"4990 Lincoln Ave, Memphis, WA 78557"
Jessica Williams,jessica.williams@outlook.com,(809) 922-3779,"1805 Jefferson Dr, Chicago, WY 31286"
Matthew Brown,matthew.brown@gmail.com,(267) 847-5054,"9607 Maple Ave, New York, PA 71175"
James Lewis,james.lewis@icloud.com,(635) 295-6156,"3298 Main St, Chicago, FL 36117"
Donna Thompson,donna.thompson@hotmail.com,(668) 840-4890,"2035 Washington St, San Jose, IN 93846"
Linda Gonzalez,linda.gonzalez931@hotmail.com,(508) 203-1261,"8834 Washington St, Mesa, GA 65464"
Sandra Walker,sandra.walker103@hotmail.com,(234) 205-6733,"2385 Elm St, Kansas City, KS 57222"
Sandra Jackson,sandra.jackson@yahoo.com,(277) 233-5176,"4909 Cedar Ln, Mesa, WY 71823"
Michael Clark,michael.clark@zoho.com,(655) 973-7230,"562 Elm St, Albuquerque, WY 13715"
Jessica Scott,jessica.scott@yandex.com,(846) 587-9819,"2323 Elm St, Tucson, FL 62209"
Daniel Thompson,daniel.thompson@hotmail.com,(201) 450-2611,"866 Pine Rd, Jacksonville, MA 61874"
Kenneth Wright,kenneth.wright@zoho.com,(571) 512-3795,"256 Oak Ave, Indianapolis, MA 51054"
Laura Martin,laura.martin@zoho.com,(364) 352-1643,"8796 Elm St, Boston, TN 98685"
Susan Miller,susan.miller@outlook.com,(682) 579-9853,"2476 Maple Ave, Los Angeles, WI 89722"
Linda Johnson,linda.johnson@gmail.com,(792) 307-7960,"1921 Oak Ave, Baltimore, ID 52606"
Carol Flores,carol.flores@protonmail.com,(821) 828-9260,"830 Park Dr, San Diego, NH 12820"
Donald Thompson,donald.thompson@aol.com,(675) 964-5812,"4398 Maple Ave, Washington, CA 35607"
Steven Scott,steven.scott@protonmail.com,(316) 441-1864,"6953 Jefferson Dr, San Diego, NM 93108"
Jessica Scott,jessica.scott@outlook.com,(268) 621-4439,"9632 Elm St, Memphis, WI 48958"
Christopher Moore,christopher.moore579@zoho.com,(272) 444-2128,"3099 Maple Ave, Detroit, NE 45082"
Michael Jones,michael.jones@protonmail.com,(949) 750-5113,"6920 Washington St, Los Angeles, IN 12553"
Paul Ramirez,paul.ramirez@protonmail.com,(983) 351-3191,"9860 Pine Rd, Denver, NY 27258"
Ruth Flores,ruth.flores@hotmail.com,(332) 932-2012,"5985 Jefferson Dr, Nashville, PA 97809"
Helen Lee,helen.lee@protonmail.com,(881) 712-4071,"8790 Washington St, Miami, AZ 35716"
Daniel Martin,daniel.martin@hotmail.com,(751) 665-2268,"4828 Jefferson Dr, Colorado Springs, KS 56639"
Jennifer King,jennifer.king783@gmail.com,(594) 898-5655,"6642 Pine Rd, Baltimore, WY 77410"
Lisa Thompson,lisa.thompson@aol.com,(598) 546-6510,"8011 Cedar Ln, Fort Worth, IL 45917"
Lisa Hernandez,lisa.hernandez@hotmail.com,(442) 873-4220,"9452 Maple Ave, Mesa, MN 90354"
Susan Young,susan.young@hotmail.com,(240) 999-9029,"8278 Oak Ave, Dallas, NJ 29609"
Kenneth Torres,kenneth.torres@zoho.com,(443) 737-5438,"9270 Park Dr, Dallas, NJ 15015"
Michael Smith,michael.smith339@aol.com,(959) 251-2252,"1298 Cedar Ln, San Jose, ID 47465"
Mary Young,mary.young@protonmail.com,(660) 969-7980,"775 Jefferson Dr, Portland, AK 33114"
Anthony Rodriguez,anthony.rodriguez@gmail.com,(947) 516-2276,"2181 Main St, Fort Worth, UT 38957"
Barbara Nguyen,barbara.nguyen827@aol.com,(781) 800-6152,"4583 Cedar Ln, New York, NC 39195"
Betty Rodriguez,betty.rodriguez@icloud.com,(674) 818-1804,"5658 Oak Ave, Milwaukee, GA 33447"
Nancy Lee,nancy.lee@yandex.com,(648) 347-5741,"7865 Lincoln Ave, Fort Worth, VA 57976"
Sarah Martinez,sarah.martinez@aol.com,(632) 739-4597,"7080 Washington St, Columbus, HI 58597"
Kevin Miller,kevin.miller@protonmail.com,(283) 704-5709,"9186 Pine Rd, Houston, CT 66407"
Sarah Moore,sarah.moore@gmail.com,(429) 570-4926,"4076 Oak Ave, Sacramento, NC 91015"
William Moore,william.moore@gmail.com,(770) 416-7635,"1291 Oak Ave, Memphis, TN 95633"
Matthew Lopez,matthew.lopez@yahoo.com,(214) 565-1237,"5759 Lincoln Ave, Memphis, NH 69961"
Andrew Williams,andrew.williams778@outlook.com,(626) 264-3716,"4140 Cedar Ln, Indianapolis, MI 64202"
Sharon Anderson,sharon.anderson187@gmail.com,(323) 603-9245,"9520 Park Dr, Atlanta, KS 67704"
James Rodriguez,james.rodriguez@icloud.com,(413) 293-7472,"7856 Oak Ave, San Diego, UT 31232"
Helen Torres,helen.torres@icloud.com,(361) 664-2805,"9920 Elm St, Atlanta, WA 89909"
Kevin Thomas,kevin.thomas@icloud.com,(851) 218-1086,"1138 Park Dr, Los Angeles, GA 10422"
Thomas Lee,thomas.lee174@icloud.com,(766) 442-7939,"2987 Park Dr, Austin, OH 42546"
Helen White,helen.white@icloud.com,(724) 353-7375,"4038 Jefferson Dr, New York, RI 77870"
Anthony Walker,anthony.walker459@yandex.com,(512) 323-7265,"9532 Oak Ave, San Antonio, VA 81131"
Sharon Clark,sharon.clark@yandex.com,(314) 834-7035,"371 Maple Ave, Milwaukee, AK 22397"
Dorothy Brown,dorothy.brown@aol.com,(958) 595-1676,"2459 Washington St, Jacksonville, WY 73347"
Andrew Walker,andrew.walker@mail.com,(555) 490-2084,"4499 Main St, Portland, LA 55314"
Richard Garcia,richard.garcia@gmail.com,(831) 634-6909,"4153 Oak Ave, Oklahoma City, PA 90421"
Steven Johnson,steven.johnson@icloud.com,(323) 444-2982,"5765 Cedar Ln, Fresno, GA 35255"
Joshua Smith,joshua.smith@hotmail.com,(489) 967-7045,"9092 Washington St, San Francisco, ME 92243"
Sarah Lee,sarah.lee@mail.com,(464) 945-6600,"4354 Oak Ave, Milwaukee, DE 10165"
Elizabeth Sanchez,elizabeth.sanchez792@icloud.com,(688) 920-2142,"3656 Main St, Houston, NC 16974"
Elizabeth Hill,elizabeth.hill220@hotmail.com,(555) 377-7390,"2119 Cedar Ln, Las Vegas, MI 63752"
Barbara Scott,barbara.scott@gmail.com,(631) 717-5497,"7165 Oak Ave, Boston, WA 95769"
Ruth Wright,ruth.wright965@yahoo.com,(940) 527-7689,"6491 Main St, Charlotte, ID 72470"
Richard Lee,richard.lee@zoho.com,(703) 378-8863,"4831 Maple Ave, Dallas, NM 19699"
Michelle Anderson,michelle.anderson@yahoo.com,(885) 871-1032,"7182 Cedar Ln, Boston, AZ 82941"
Donald King,donald.king@yahoo.com,(929) 294-5294,"4588 Lincoln Ave, San Antonio, AZ 11663"
Paul Martinez,paul.martinez@protonmail.com,(278) 352-7455,"1425 Park Dr, Miami, IA 33110"
Daniel Scott,daniel.scott@gmail.com,(715) 936-3057,"2053 Cedar Ln, San Francisco, CO 68440"
Betty Nguyen,betty.nguyen@hotmail.com,(778) 316-6530,"2175 Oak Ave, Mesa, VT 40061"
John Lopez,john.lopez367@protonmail.com,(763) 388-1767,"1239 Cedar Ln, Portland, MN 11290"
Joseph Brown,joseph.brown@aol.com,(433) 471-6148,"8118 Cedar Ln, Columbus, DE 33257"
Dorothy Brown,dorothy.brown509@zoho.com,(288) 825-2763,"719 Washington St, Las Vegas, SC 79725"
Donald Flores,donald.flores@aol.com,(958) 485-5098,"1821 Lincoln Ave, Charlotte, VA 42587"
Matthew Ramirez,matthew.ramirez@aol.com,(589) 596-7667,"4789 Washington St, Louisville, TN 63151"
Paul Williams,paul.williams599@hotmail.com,(347) 988-1005,"6568 Lincoln Ave, Denver, PA 92483"
Christopher Williams,christopher.williams821@outlook.com,(766) 788-3656,"891 Pine Rd, Colorado Springs, IA 26364"
Michael Flores,michael.flores@yandex.com,(552) 213-8321,"2429 Cedar Ln, Mesa, MA 80663"
Donna Perez,donna.perez@hotmail.com,(363) 581-7278,"8933 Oak Ave, Memphis, PA 57252"
Dorothy Hill,dorothy.hill620@zoho.com,(639) 651-1437,"9647 Main St, Phoenix, TX 37572"
David Martin,david.martin787@protonmail.com,(885) 280-2504,"2003 Cedar Ln, Fort Worth, WA 75099"
Donna Nguyen,donna.nguyen79@protonmail.com,(304) 631-6835,"7977 Jefferson Dr, Baltimore, GA 84059"
Michelle Perez,michelle.perez@yahoo.com,(667) 487-1875,"2302 Maple Ave, Charlotte, VT 46558"
Paul Wilson,paul.wilson@aol.com,(795) 239-8033,"4362 Pine Rd, Dallas, NM 56407"
Mark Hill,mark.hill@zoho.com,(364) 318-2709,"3456 Washington St, Kansas City, IA 96570"
Christopher Walker,christopher.walker@yahoo.com,(295) 973-5131,"6584 Park Dr, Columbus, VA 24467"
Christopher Jones,christopher.jones@gmail.com,(362) 848-4970,"9195 Lincoln Ave, Dallas, NY 77297"
Laura Robinson,laura.robinson726@outlook.com,(297) 562-1887,"6422 Pine Rd, San Jose, RI 30555"
Sandra Wright,sandra.wright@gmail.com,(310) 323-7336,"4291 Lincoln Ave, San Jose, PA 38871"
Matthew Young,matthew.young44@yandex.com,(432) 211-7951,"5105 Jefferson Dr, Portland, WV 74716"
Sandra Nguyen,sandra.nguyen@gmail.com,(736) 786-8863,"3268 Washington St, Mesa, NE 96966"
Christopher Thompson,christopher.thompson@protonmail.com,(355) 477-8461,"4983 Pine Rd, Baltimore, WA 45535"
Donna Flores,donna.flores927@gmail.com,(386) 994-8566,"3903 Cedar Ln, El Paso, ME 23157"
Michael Brown,michael.brown934@yahoo.com,(998) 609-7152,"2610 Maple Ave, Atlanta, MN 87630"
Carol Hernandez,carol.hernandez@icloud.com,(317) 515-3972,"234 Elm St, Jacksonville, AK 13041"
Ruth Ramirez,ruth.ramirez@mail.com,(397) 970-5807,"308 Park Dr, Detroit, AZ 85759"
Karen Wright,karen.wright@mail.com,(713) 431-5355,"1039 Main St, Louisville, AK 94051"
Joseph Hernandez,joseph.hernandez409@protonmail.com,(632) 358-8005,"2731 Elm St, Mesa, CT 80347"
Sandra King,sandra.king99@mail.com,(722) 412-8251,"6296 Cedar Ln, Louisville, NV 65583"
Lisa Moore,lisa.moore440@gmail.com,(265) 245-3650,"3039 Jefferson Dr, San Diego, FL 94079"
Donald Moore,donald.moore@yahoo.com,(419) 259-9289,"5200 Oak Ave, Seattle, NH 24408"
Susan Allen,susan.allen@yahoo.com,(893) 438-7582,"5606 Washington St, San Antonio, ME 46826"
Brian Perez,brian.perez681@zoho.com,(379) 997-2398,"95 Park Dr, Atlanta, UT 85473"
Kenneth Scott,kenneth.scott@protonmail.com,(221) 738-9130,"2867 Main St, Atlanta, CA 24462"
Donald Torres,donald.torres348@icloud.com,(535) 487-5033,"328 Main St, Oklahoma City, MN 80869"
Kevin Scott,kevin.scott@yahoo.com,(409) 206-5525,"3622 Elm St, Denver, NM 87733"
Kimberly Wilson,kimberly.wilson@zoho.com,(570) 647-4857,"5969 Washington St, Memphis, MO 16639"
Christopher Garcia,christopher.garcia@aol.com,(500) 839-2473,"3079 Cedar Ln, Jacksonville, AZ 67720"
Laura Wilson,laura.wilson744@mail.com,(360) 332-4472,"8754 Lincoln Ave, Boston, NM 13999"
Susan Lee,susan.lee@icloud.com,(884) 299-9121,"8767 Lincoln Ave, New York, MO 57600"
Michelle Gonzalez,michelle.gonzalez999@protonmail.com,(838) 891-4496,"8199 Oak Ave, Baltimore, IN 38048"
Christopher Williams,christopher.williams@gmail.com,(701) 374-7445,"127 Maple Ave, San Jose, RI 99459"
Michelle Allen,michelle.allen@outlook.com,(701) 692-3268,"2449 Oak Ave, Jacksonville, KS 72952"
Sarah Torres,sarah.torres@mail.com,(257) 769-1345,"3767 Elm St, Albuquerque, WV 78665"
Linda Moore,linda.moore591@yandex.com,(252) 710-6121,"5841 Pine Rd, Austin, CA 43841"
Joseph Harris,joseph.harris840@zoho.com,(442) 284-3268,"4032 Lincoln Ave, Dallas, IA 93882"
David Clark,david.clark@aol.com,(867) 723-3805,"9607 Pine Rd, Detroit, MO 47612"
Jessica Torres,jessica.torres593@yahoo.com,(697) 500-6806,"7910 Jefferson Dr, Philadelphia, MT 29329"
Christopher Young,christopher.young@gmail.com,(222) 537-6650,"9705 Main St, Oklahoma City, NV 18765"
Joseph Miller,joseph.miller@icloud.com,(310) 536-8460,"6586 Washington St, Nashville, TN 96311"
Jessica Jackson,jessica.jackson598@zoho.com,(217) 546-7627,"6217 Lincoln Ave, Tucson, KS 18502"
Jennifer Hill,jennifer.hill@mail.com,(271) 266-2823,"7039 Elm St, Dallas, GA 36688"
William Flores,william.flores@hotmail.com,(346) 622-2108,"655 Main St, Philadelphia, NV 12546"
Karen Moore,karen.moore426@protonmail.com,(592) 840-1499,"8685 Oak Ave, Seattle, MN 85856"
Mary Wright,mary.wright@yahoo.com,(888) 433-3652,"6270 Park Dr, Fort Worth, KS 79443"
Linda Taylor,linda.taylor@protonmail.com,(280) 360-2930,"6386 Maple Ave, Louisville, SD 89391"
Richard Lopez,richard.lopez8@yandex.com,(902) 619-2263,"771 Elm St, Oklahoma City, AL 56403"
John Lewis,john.lewis@mail.com,(685) 440-7968,"7095 Cedar Ln, Denver, LA 67431"
George Wilson,george.wilson@yandex.com,(664) 747-7668,"5084 Oak Ave, Boston, NC 70385"
Ruth Anderson,ruth.anderson@aol.com,(855) 900-5295,"6755 Elm St, Jacksonville, OH 20515"
Anthony Clark,anthony.clark@mail.com,(667) 571-1279,"8195 Jefferson Dr, Seattle, SC 90703"
Jennifer Smith,jennifer.smith@aol.com,(313) 536-1306,"5880 Main St, San Diego, PA 98597"
Brian Flores,brian.flores@yahoo.com,(854) 731-9355,"5159 Cedar Ln, Denver, SC 84045"
David Wright,david.wright@outlook.com,(360) 706-5445,"4260 Jefferson Dr, San Antonio, CA 43441"
Patricia Williams,patricia.williams759@hotmail.com,(433) 495-4021,"7675 Jefferson Dr, Houston, RI 46882"
Kevin Brown,kevin.brown@hotmail.com,(214) 350-6487,"9518 Pine Rd, Albuquerque, FL 11943"
Lisa Clark,lisa.clark764@outlook.com,(352) 677-9162,"1401 Lincoln Ave, Philadelphia, NM 33935"
Mary Torres,mary.torres@mail.com,(791) 776-8084,"5662 Pine Rd, Indianapolis, SD 41892"
William Martinez,william.martinez@zoho.com,(520) 583-8599,"3591 Main St, Chicago, MI 66775"
Lisa Jackson,lisa.jackson856@zoho.com,(609) 801-9294,"5518 Elm St, Louisville, SC 53894"
Dorothy Gonzalez,dorothy.gonzalez@yandex.com,(544) 864-3635,"5436 Maple Ave, Tucson, VA 33405"
David Brown,david.brown@icloud.com,(448) 220-2978,"9889 Maple Ave, Atlanta, AZ 57856"
Nancy Moore,nancy.moore992@mail.com,(729) 268-3322,"657 Pine Rd, Boston, DE 41244"
Carol Lewis,carol.lewis@zoho.com,(849) 278-8126,"6155 Washington St, Albuquerque, MD 51754"
Anthony Rodriguez,anthony.rodriguez@aol.com,(329) 846-9385,"1207 Washington St, Atlanta, AR 82270"
Elizabeth Smith,elizabeth.smith@aol.com,(996) 798-4002,"241 Lincoln Ave, Chicago, RI 97756"
Sarah Johnson,sarah.johnson@yahoo.com,(480) 633-1809,"4618 Lincoln Ave, San Antonio, CO 54761"
Steven Nguyen,steven.nguyen@gmail.com,(606) 651-2864,"3351 Main St, Fresno, IN 38873"
John Allen,john.allen@protonmail.com,(414) 522-9356,"6466 Lincoln Ave, Los Angeles, FL 47133"
Lisa Davis,lisa.davis@zoho.com,(451) 664-5149,"6739 Main St, Mesa, NE 42121"
Thomas Clark,thomas.clark559@icloud.com,(516) 532-2422,"8952 Park Dr, Columbus, MA 59811"
Paul Williams,paul.williams@gmail.com,(996) 953-4537,"833 Main St, Seattle, LA 11133"
Ruth Williams,ruth.williams@zoho.com,(819) 345-5818,"3742 Park Dr, Austin, ID 55032"
Nancy King,nancy.king@mail.com,(570) 277-9959,"9266 Washington St, Kansas City, NM 93414"
Sarah Ramirez,sarah.ramirez@outlook.com,(634) 267-4403,"6104 Pine Rd, Fresno, IL 71632"
Elizabeth Ramirez,elizabeth.ramirez@yandex.com,(724) 591-8050,"6168 Maple Ave, Albuquerque, MA 44328"
Christopher Jones,christopher.jones@outlook.com,(229) 890-9973,"692 Cedar Ln, Charlotte, WY 19883"
Anthony Lopez,anthony.lopez796@gmail.com,(342) 676-8684,"1313 Jefferson Dr, Sacramento, LA 59106"
Carol Hill,carol.hill@yandex.com,(956) 593-8097,"3066 Cedar Ln, San Francisco, NV 25139"
Nancy Davis,nancy.davis278@gmail.com,(615) 779-1055,"3115 Cedar Ln, Phoenix, NE 19002"
Joseph Gonzalez,joseph.gonzalez451@zoho.com,(725) 612-9541,"6620 Park Dr, Mesa, CA 44897"
Michelle Wilson,michelle.wilson@hotmail.com,(250) 693-6051,"6679 Jefferson Dr, Charlotte, CO 82804"
Jennifer Allen,jennifer.allen@yandex.com,(833) 567-3752,"381 Maple Ave, Detroit, OR 11551"
David Clark,david.clark829@protonmail.com,(783) 761-9891,"8335 Main St, Washington, GA 11270"
Karen Miller,karen.miller751@hotmail.com,(202) 205-5319,"2529 Main St, Baltimore, ME 99596"
Christopher Moore,christopher.moore543@icloud.com,(740) 564-6008,"1531 Cedar Ln, Philadelphia, LA 72050"
Elizabeth Anderson,elizabeth.anderson@outlook.com,(687) 789-1451,"6397 Elm St, Washington, MD 24037"
Susan Lewis,susan.lewis140@gmail.com,(283) 212-9140,"4329 Cedar Ln, Chicago, NY 51989"
David Gonzalez,david.gonzalez@yahoo.com,(338) 427-1786,"4085 Main St, Memphis, TN 68278"
Sandra Lee,sandra.lee@icloud.com,(918) 441-1956,"8927 Main St, Atlanta, NH 52855"
Kimberly Lewis,kimberly.lewis530@zoho.com,(253) 432-4227,"6016 Elm St, Charlotte, AL 40793"
William Jones,william.jones@zoho.com,(705) 779-3376,"6759 Oak Ave, Fresno, AL 56126"
David Hernandez,david.hernandez@outlook.com,(449) 842-9763,"6911 Jefferson Dr, Detroit, MI 24706"
Elizabeth White,elizabeth.white@gmail.com,(606) 759-7804,"6083 Washington St, Los Angeles, AZ 20047"
Richard Perez,richard.perez@gmail.com,(992) 761-2543,"7574 Jefferson Dr, Oklahoma City, MT 94366"
Andrew Flores,andrew.flores206@mail.com,(775) 268-9202,"8350 Lincoln Ave, Baltimore, NH 45344"
Laura Davis,laura.davis@icloud.com,(553) 976-2115,"2495 Lincoln Ave, Tucson, SD 77198"
Sharon Gonzalez,sharon.gonzalez130@mail.com,(871) 890-2231,"8480 Main St, Oklahoma City, IL 90396"
Jennifer Hernandez,jennifer.hernandez@yandex.com,(218) 511-2940,"1473 Elm St, Sacramento, MS 55112"
Sandra Lopez,sandra.lopez@hotmail.com,(616) 355-4116,"2734 Oak Ave, Albuquerque, NV 25336"
Laura Flores,laura.flores@gmail.com,(849) 715-7170,"4039 Elm St, San Francisco, IL 24300"
Steven Clark,steven.clark@yandex.com,(534) 544-8645,"8748 Pine Rd, Detroit, WV 59735"
Matthew Garcia,matthew.garcia507@yahoo.com,(609) 831-6939,"6819 Park Dr, Sacramento, OR 83712"
Charles Williams,charles.williams@protonmail.com,(231) 202-7647,"8579 Elm St, Washington, MS 30464"
David Moore,david.moore735@yahoo.com,(806) 415-1663,"7504 Jefferson Dr, Washington, UT 82914"
Betty Martinez,betty.martinez@yahoo.com,(611) 566-4825,"1210 Washington St, Los Angeles, OH 86216"
Paul Smith,paul.smith@protonmail.com,(594) 895-6254,"9911 Elm St, San Francisco, MS 26403"
Susan Wright,susan.wright@protonmail.com,(350) 637-9963,"1874 Oak Ave, Miami, NJ 16799"
Steven Miller,steven.miller@mail.com,(959) 479-6198,"5208 Oak Ave, Detroit, FL 68250"
Karen Martin,karen.martin@protonmail.com,(538) 381-5237,"9526 Jefferson Dr, Los Angeles, ID 18079"
Betty Brown,betty.brown298@mail.com,(675) 813-4073,"8528 Oak Ave, New York, TX 90432"
Daniel Lopez,daniel.lopez@gmail.com,(432) 311-3688,"8283 Jefferson Dr, New York, MD 40646"
Michael Martinez,michael.martinez@mail.com,(446) 823-1713,"9812 Main St, Austin, HI 16608"
Sarah Allen,sarah.allen@yandex.com,(217) 567-4667,"6685 Main St, Los Angeles, CA 57199"
Helen Lee,helen.lee@hotmail.com,(319) 222-7986,"9526 Cedar Ln, Tucson, ID 88036"
Steven Wright,steven.wright78@aol.com,(991) 851-6660,"784 Elm St, Tucson, AR 69013"
Christopher Martin,christopher.martin@aol.com,(917) 404-8138,"3515 Jefferson Dr, Memphis, NJ 93067"
Sharon Jones,sharon.jones@outlook.com,(758) 313-5968,"3000 Jefferson Dr, Sacramento, AR 65685"
Michelle Thompson,michelle.thompson374@mail.com,(774) 848-6601,"2127 Jefferson Dr, Baltimore, TX 66278"
Kevin Jones,kevin.jones@hotmail.com,(663) 713-6288,"1139 Pine Rd, Columbus, WI 66330"
George Miller,george.miller@aol.com,(886) 590-8887,"2662 Park Dr, Charlotte, LA 74980"
Robert Lee,robert.lee@hotmail.com,(827) 672-7567,"3365 Pine Rd, Portland, CA 14777"
Nancy Jones,nancy.jones@outlook.com,(574) 536-6153,"4562 Main St, New York, PA 28463"
Charles Ramirez,charles.ramirez766@mail.com,(516) 426-8839,"5851 Park Dr, Seattle, MS 33921"
Susan Wilson,susan.wilson@hotmail.com,(967) 324-1009,"5314 Park Dr, Mesa, NV 85938"
Betty Young,betty.young564@yandex.com,(812) 944-3385,"6802 Maple Ave, Austin, GA 53250"
Christopher White,christopher.white@aol.com,(571) 452-5690,"6580 Elm St, Los Angeles, NE 73850"
Jennifer Ramirez,jennifer.ramirez@hotmail.com,(410) 383-9146,"837 Oak Ave, Baltimore, KS 63624"
Barbara Nguyen,barbara.nguyen@outlook.com,(658) 486-3222,"4483 Oak Ave, Jacksonville, AZ 15464"
Mary Jones,mary.jones@zoho.com,(639) 949-8862,"3724 Lincoln Ave, Fort Worth, TN 91787"
Donald Young,donald.young620@protonmail.com,(594) 780-5994,"7997 Pine Rd, Colorado Springs, ID 55970"
Joshua Rodriguez,joshua.rodriguez@yandex.com,(230) 635-4063,"4814 Elm St, San Francisco, MS 18238"
Robert Torres,robert.torres@hotmail.com,(797) 459-3494,"9748 Jefferson Dr, Oklahoma City, GA 38618"
Patricia Lewis,patricia.lewis144@outlook.com,(928) 836-2289,"8273 Jefferson Dr, Nashville, PA 14140"
Lisa King,lisa.king581@zoho.com,(406) 722-9429,"2716 Pine Rd, Denver, KY 89245"
Matthew King,matthew.king@protonmail.com,(710) 440-2462,"8798 Jefferson Dr, Atlanta, AZ 99241"
Dorothy Harris,dorothy.harris@mail.com,(909) 409-2855,"9766 Park Dr, Jacksonville, CO 54356"
Andrew Smith,andrew.smith@gmail.com,(436) 959-3316,"5352 Jefferson Dr, El Paso, AZ 77819"
Donald Wilson,donald.wilson@hotmail.com,(816) 341-8267,"7413 Pine Rd, Baltimore, CT 29458"
Michelle Martin,michelle.martin365@icloud.com,(755) 230-2665,"4783 Pine Rd, San Diego, MN 56297"
Steven Perez,steven.perez@protonmail.com,(894) 435-2153,"8782 Washington St, Las Vegas, WY 80048"
Joshua Jones,joshua.jones@mail.com,(306) 746-4176,"6093 Park Dr, Houston, HI 71403"
David Jones,david.jones117@protonmail.com,(991) 300-8602,"4886 Maple Ave, Phoenix, IN 50065"
Sandra Lewis,sandra.lewis742@protonmail.com,(680) 836-9336,"2561 Lincoln Ave, Mesa, NJ 35463"
Carol Sanchez,carol.sanchez@gmail.com,(876) 658-8086,"3276 Washington St, Mesa, NY 45492"
Susan Davis,susan.davis@protonmail.com,(705) 284-5841,"9811 Pine Rd, Detroit, NH 18847"
Betty Wilson,betty.wilson52@icloud.com,(414) 731-3636,"6120 Cedar Ln, Chicago, CO 88792"
Jennifer Walker,jennifer.walker@mail.com,(985) 928-7652,"1188 Park Dr, Fort Worth, RI 11954"
Kevin Ramirez,kevin.ramirez430@gmail.com,(879) 898-3044,"1152 Jefferson Dr, Fresno, PA 77188"
Linda Nguyen,linda.nguyen150@yandex.com,(788) 201-7325,"9678 Jefferson Dr, Tucson, IA 99230"
Richard Lopez,richard.lopez@protonmail.com,(813) 577-2266,"7075 Maple Ave, Mesa, NC 85034"
Robert Lewis,robert.lewis@protonmail.com,(430) 256-1161,"110 Jefferson Dr, Memphis, TX 63926"
Helen Taylor,helen.taylor@aol.com,(618) 824-5258,"6834 Cedar Ln, Washington, CT 43536"
Patricia Lopez,patricia.lopez@gmail.com,(560) 682-5490,"608 Jefferson Dr, Las Vegas, KS 54764"
Michelle King,michelle.king@protonmail.com,(438) 432-4445,"5514 Washington St, Baltimore, IN 61834"
Donna Young,donna.young563@aol.com,(697) 579-2960,"1143 Main St, Boston, SD 18927"
Betty Johnson,betty.johnson@hotmail.com,(985) 709-6787,"7913 Main St, Albuquerque, NV 68137"
Michelle Flores,michelle.flores973@zoho.com,(447) 646-2570,"2742 Oak Ave, Tucson, PA 55311"
Barbara Wilson,barbara.wilson@mail.com,(494) 968-1126,"1622 Oak Ave, Columbus, CT 40462"
Thomas Jackson,thomas.jackson@gmail.com,(753) 638-3736,"4747 Washington St, Memphis, LA 82275"
Joshua Miller,joshua.miller@protonmail.com,(372) 226-1459,"3236 Maple Ave, New York, MN 66411"
Joseph Harris,joseph.harris@mail.com,(615) 307-8511,"2522 Jefferson Dr, El Paso, NH 87186"
Helen Flores,helen.flores842@protonmail.com,(901) 370-9420,"5265 Jefferson Dr, Memphis, LA 77787"
Kenneth Robinson,kenneth.robinson@yahoo.com,(531) 931-2166,"1250 Lincoln Ave, New York, AR 71692"
Andrew Davis,andrew.davis@aol.com,(421) 806-1861,"9513 Pine Rd, Milwaukee, LA 79096"
John King,john.king231@yandex.com,(292) 722-9170,"4620 Oak Ave, Austin, ID 83500"
Michelle Thompson,michelle.thompson@mail.com,(339) 789-6749,"5247 Pine Rd, Baltimore, NC 79869"
Robert Perez,robert.perez@zoho.com,(926) 374-7368,"1962 Park Dr, Los Angeles, MA 22237"
Brian Perez,brian.perez717@outlook.com,(885) 518-6179,"3113 Washington St, Denver, VT 39281"
Michael Hill,michael.hill@zoho.com,(601) 743-3782,"3870 Main St, Detroit, OR 57906"
David Flores,david.flores@gmail.com,(916) 363-7402,"7984 Main St, Phoenix, KY 96683"
Steven Lee,steven.lee@hotmail.com,(553) 678-3681,"2506 Jefferson Dr, Albuquerque, RI 75345"
Richard Thomas,richard.thomas330@zoho.com,(320) 612-5746,"3021 Lincoln Ave, San Jose, MA 19604"
Barbara Smith,barbara.smith459@zoho.com,(522) 299-6408,"6369 Main St, Philadelphia, MD 68296"
Sarah Johnson,sarah.johnson@zoho.com,(349) 991-2897,"6457 Pine Rd, Chicago, NJ 52454"
David Martin,david.martin@hotmail.com,(702) 346-8732,"7162 Cedar Ln, Boston, NJ 63889"
Laura Davis,laura.davis@hotmail.com,(579) 706-5361,"567 Pine Rd, San Diego, OR 70109"
George Martinez,george.martinez575@yahoo.com,(296) 810-2179,"7331 Park Dr, Portland, CT 36002"
Linda Anderson,linda.anderson@protonmail.com,(347) 889-1538,"9779 Lincoln Ave, New York, MS 92567"
Elizabeth Hill,elizabeth.hill178@protonmail.com,(806) 921-5408,"1307 Elm St, San Antonio, MA 73499"
Nancy Davis,nancy.davis164@protonmail.com,(452) 766-2621,"3201 Lincoln Ave, Colorado Springs, MD 89556"
Anthony Lee,anthony.lee@outlook.com,(900) 821-7446,"8671 Park Dr, New York, OR 41512"
Christopher Moore,christopher.moore522@hotmail.com,(436) 979-9867,"8119 Jefferson Dr, Colorado Springs, MD 39803"
Joseph Jones,joseph.jones@gmail.com,(228) 584-3382,"2872 Pine Rd, Los Angeles, WI 88583"
Lisa Lewis,lisa.lewis@mail.com,(214) 584-6918,"5412 Cedar Ln, Washington, NY 50869"
Mark Anderson,mark.anderson@icloud.com,(512) 862-2468,"1058 Elm St, New York, MA 68914"
Daniel Harris,daniel.harris862@outlook.com,(668) 453-9402,"6411 Cedar Ln, Columbus, MS 10539"
Jennifer Perez,jennifer.perez186@zoho.com,(476) 229-8813,"7400 Main St, Baltimore, ME 90775"
Brian Allen,brian.allen@protonmail.com,(609) 983-7995,"6864 Cedar Ln, Seattle, KS 13663"
Thomas Garcia,thomas.garcia@hotmail.com,(904) 301-1055,"8914 Jefferson Dr, Dallas, AK 85764"
Michelle Smith,michelle.smith@protonmail.com,(273) 768-1885,"7819 Pine Rd, El Paso, ME 58540"
William Williams,william.williams@outlook.com,(311) 967-7553,"8809 Main St, Albuquerque, NM 19883"
Sarah Johnson,sarah.johnson@outlook.com,(295) 333-5878,"710 Maple Ave, San Diego, WI 83310"
James Martinez,james.martinez@yahoo.com,(774) 516-6894,"8445 Cedar Ln, Tucson, NM 58689"
Kimberly Davis,kimberly.davis@gmail.com,(967) 443-1555,"9820 Washington St, Miami, MI 93199"
Susan Walker,susan.walker@gmail.com,(688) 760-5215,"5297 Pine Rd, Tucson, WY 93674"
Patricia Williams,patricia.williams@outlook.com,(632) 859-7115,"7638 Main St, Mesa, TX 57104"
Donna Lee,donna.lee@mail.com,(271) 397-5398,"2939 Cedar Ln, Kansas City, MD 65158"
Matthew King,matthew.king157@yahoo.com,(345) 783-8131,"9902 Pine Rd, Memphis, RI 68767"
Thomas Thomas,thomas.thomas970@yandex.com,(576) 680-7631,"6215 Oak Ave, Albuquerque, SC 20427"
Barbara Walker,barbara.walker72@yandex.com,(382) 883-3734,"9432 Maple Ave, Columbus, OH 41672"
Patricia Garcia,patricia.garcia760@zoho.com,(445) 617-8681,"2374 Washington St, Chicago, WI 32042"
Michelle Thompson,michelle.thompson@mail.com,(907) 288-8480,"9876 Oak Ave, Jacksonville, AR 17624"
George Taylor,george.taylor@hotmail.com,(679) 245-2040,"3851 Main St, San Jose, OH 37609"
Donald Walker,donald.walker@mail.com,(588) 865-6134,"8574 Washington St, Oklahoma City, MD 82071"
Andrew Scott,andrew.scott191@outlook.com,(334) 384-8829,"3811 Elm St, Colorado Springs, OH 76483"
Brian Martinez,brian.martinez@zoho.com,(644) 659-8520,"4409 Cedar Ln, Portland, MD 92469"
Donald Nguyen,donald.nguyen@yandex.com,(893) 679-8449,"1494 Main St, Boston, CT 29496"
Ruth Williams,ruth.williams309@yandex.com,(806) 803-8462,"9051 Main St, Atlanta, LA 54381"
Barbara Miller,barbara.miller@icloud.com,(267) 579-9259,"5784 Jefferson Dr, Houston, AR 79206"
Nancy Martinez,nancy.martinez@yahoo.com,(908) 982-5041,"578 Maple Ave, Miami, MD 75414"
John Davis,john.davis189@icloud.com,(226) 555-4670,"9881 Elm St, Seattle, ND 98695"
Kenneth Johnson,kenneth.johnson@hotmail.com,(206) 895-6538,"4412 Lincoln Ave, Fort Worth, NE 51650"
Joseph Miller,joseph.miller@yahoo.com,(313) 229-6802,"3665 Maple Ave, Colorado Springs, ID 64879"
Patricia King,patricia.king@mail.com,(938) 208-2574,"946 Maple Ave, Jacksonville, OK 89692"
Matthew Walker,matthew.walker901@outlook.com,(237) 258-2153,"4352 Oak Ave, Tucson, NY 24506"
Kevin Ramirez,kevin.ramirez@protonmail.com,(911) 267-3019,"5808 Main St, Albuquerque, KS 69798"
Sarah Martinez,sarah.martinez@yandex.com,(759) 474-6244,"6512 Cedar Ln, Boston, TN 93196"
Jennifer Anderson,jennifer.anderson927@hotmail.com,(442) 286-1638,"1355 Washington St, Jacksonville, CA 17877"
Christopher Allen,christopher.allen488@zoho.com,(643) 513-2502,"4142 Lincoln Ave, Dallas, PA 46091"
George Davis,george.davis@outlook.com,(514) 948-2922,"5054 Elm St, Columbus, ID 15362"
Elizabeth White,elizabeth.white@yandex.com,(413) 330-2717,"780 Main St, Los Angeles, NE 78405"
Donna Thompson,donna.thompson@gmail.com,(283) 992-3041,"7164 Maple Ave, Atlanta, CA 82365"
Joseph Martin,joseph.martin739@yahoo.com,(630) 324-6979,"2563 Lincoln Ave, Albuquerque, OH 56315"
George Flores,george.flores@gmail.com,(214) 258-8006,"7494 Park Dr, Louisville, VA 57765"
Richard Jackson,richard.jackson98@zoho.com,(802) 499-5628,"4948 Cedar Ln, San Francisco, NH 94738"
Daniel Hill,daniel.hill544@aol.com,(798) 446-9945,"9777 Park Dr, Albuquerque, FL 43798"
Joseph Wilson,joseph.wilson@gmail.com,(934) 401-1206,"844 Elm St, Fort Worth, AZ 90268"
Michelle Hill,michelle.hill@outlook.com,(348) 405-4002,"4792 Pine Rd, Nashville, AZ 87037"
Ruth Martin,ruth.martin689@outlook.com,(583) 523-7167,"6905 Oak Ave, Jacksonville, LA 35387"
Sandra Lewis,sandra.lewis@yandex.com,(586) 919-6147,"5664 Elm St, Denver, NH 84440"
George Clark,george.clark@icloud.com,(463) 771-9713,"4042 Lincoln Ave, Houston, FL 13519"
Daniel Martinez,daniel.martinez@aol.com,(358) 597-2436,"8545 Pine Rd, Indianapolis, NV 85287"
Betty Sanchez,betty.sanchez@hotmail.com,(291) 819-9263,"4089 Main St, San Diego, AZ 65005"
Charles Thompson,charles.thompson@mail.com,(713) 733-6100,"2078 Elm St, Mesa, IN 90296"
Robert Robinson,robert.robinson@hotmail.com,(705) 987-5670,"6671 Cedar Ln, Boston, FL 82237"
Anthony Garcia,anthony.garcia369@icloud.com,(339) 622-8675,"8909 Main St, Louisville, NV 31756"
Christopher Flores,christopher.flores@zoho.com,(829) 532-8845,"7121 Lincoln Ave, Detroit, CA 51143"
Anthony Brown,anthony.brown@hotmail.com,(225) 934-5995,"7743 Maple Ave, Milwaukee, VA 22909"
Sandra Sanchez,sandra.sanchez721@icloud.com,(400) 654-2849,"291 Elm St, Louisville, KS 92194"
Barbara Thomas,barbara.thomas@hotmail.com,(720) 745-8563,"6583 Jefferson Dr, Colorado Springs, ND 21696"
Donald Martinez,donald.martinez@icloud.com,(631) 881-8854,"8448 Maple Ave, Nashville, OR 16573"
Carol Walker,carol.walker@yahoo.com,(942) 428-8101,"7502 Jefferson Dr, Las Vegas, NH 31714"
Andrew White,andrew.white@aol.com,(469) 459-7834,"7265 Washington St, Philadelphia, NH 82339"
Joshua Lewis,joshua.lewis536@protonmail.com,(743) 537-2344,"2478 Lincoln Ave, Albuquerque, IN 86444"
Patricia Martinez,patricia.martinez@aol.com,(675) 875-5659,"2620 Pine Rd, Nashville, VA 49318"
Jennifer Thomas,jennifer.thomas@zoho.com,(253) 670-9479,"1272 Pine Rd, Jacksonville, AR 42670"
Kevin Robinson,kevin.robinson@protonmail.com,(734) 735-2107,"9929 Maple Ave, Phoenix, MS 93504"
Kimberly Garcia,kimberly.garcia550@yandex.com,(697) 291-1933,"894 Cedar Ln, Dallas, AL 49779"
Joseph Anderson,joseph.anderson@aol.com,(288) 286-6465,"5957 Pine Rd, Louisville, IL 27083"
Robert Ramirez,robert.ramirez@gmail.com,(913) 997-2267,"6481 Washington St, Washington, NM 39330"
Lisa Miller,lisa.miller892@outlook.com,(603) 417-4358,"245 Pine Rd, Milwaukee, FL 76715"
Mary Harris,mary.harris@outlook.com,(307) 436-8047,"2728 Lincoln Ave, Houston, SD 98975"
Anthony Lopez,anthony.lopez@hotmail.com,(554) 900-2080,"7051 Lincoln Ave, San Jose, MO 52677"
Brian Moore,brian.moore121@icloud.com,(727) 879-5382,"2853 Cedar Ln, Mesa, SD 44914"
John Davis,john.davis452@yahoo.com,(565) 691-7438,"354 Main St, Los Angeles, MD 58918"
Carol Miller,carol.miller@yahoo.com,(632) 840-2441,"7381 Jefferson Dr, Los Angeles, KY 56128"
Paul Walker,paul.walker@mail.com,(921) 508-5802,"1663 Main St, Charlotte, NH 74499"
Matthew Lewis,matthew.lewis18@gmail.com,(649) 872-8429,"9694 Cedar Ln, Washington, CA 80941"
Laura Davis,laura.davis@yahoo.com,(840) 852-6892,"9288 Jefferson Dr, Indianapolis, GA 17506"
Donna Brown,donna.brown@protonmail.com,(541) 562-5106,"9962 Lincoln Ave, Chicago, IN 79370"
Patricia Lopez,patricia.lopez@outlook.com,(230) 870-6799,"3656 Park Dr, San Francisco, MO 33147"
Kenneth Thomas,kenneth.thomas@mail.com,(343) 824-7545,"763 Lincoln Ave, Oklahoma City, WI 76657"
Joshua Thompson,joshua.thompson@gmail.com,(475) 488-9713,"8206 Main St, Fresno, WA 73868"
Sarah Martinez,sarah.martinez@yandex.com,(405) 518-3484,"4551 Pine Rd, Denver, OR 76135"
Mary King,mary.king@mail.com,(898) 489-2987,"5460 Washington St, El Paso, AZ 40454"
Carol Perez,carol.perez@gmail.com,(758) 860-4312,"8021 Elm St, New York, VA 66881"
Sarah Johnson,sarah.johnson763@yahoo.com,(958) 800-4245,"4285 Washington St, Oklahoma City, MT 94289"
Sarah Martin,sarah.martin511@mail.com,(769) 401-1974,"6338 Lincoln Ave, Fort Worth, AL 26541"
Sharon Garcia,sharon.garcia@zoho.com,(711) 650-4982,"7090 Washington St, Atlanta, TN 24550"
Sharon Nguyen,sharon.nguyen@hotmail.com,(516) 666-8059,"2789 Lincoln Ave, Charlotte, UT 30272"
Helen Williams,helen.williams@icloud.com,(782) 528-9836,"700 Lincoln Ave, Columbus, MA 47887"
Helen Wright,helen.wright390@hotmail.com,(699) 338-7876,"5587 Washington St, Charlotte, ND 22327"
George Lopez,george.lopez@protonmail.com,(783) 335-5469,"8709 Oak Ave, Nashville, AR 16319"
Thomas Wilson,thomas.wilson@aol.com,(960) 867-9467,"8940 Jefferson Dr, Nashville, IL 60797"
Barbara Taylor,barbara.taylor794@yandex.com,(858) 578-2774,"6765 Pine Rd, Albuquerque, OR 39138"
Kevin Smith,kevin.smith561@hotmail.com,(234) 868-7504,"2227 Elm St, San Jose, OK 22706"
Patricia Brown,patricia.brown@yahoo.com,(907) 955-6194,"1536 Pine Rd, San Diego, MS 73012"
David White,david.white@zoho.com,(706) 795-4875,"7537 Washington St, Kansas City, RI 73366"
Charles Perez,charles.perez@zoho.com,(828) 659-3262,"7570 Jefferson Dr, Tucson, UT 65720"
Elizabeth Jackson,elizabeth.jackson@yandex.com,(472) 991-8302,"1712 Jefferson Dr, Louisville, SD 35562"
Patricia Martinez,patricia.martinez160@zoho.com,(511) 664-2220,"5554 Main St, Fresno, NC 79716"
Steven Nguyen,steven.nguyen617@zoho.com,(655) 601-6147,"7023 Oak Ave, Atlanta, ID 10677"
Karen Young,karen.young970@mail.com,(967) 734-2520,"7163 Washington St, Oklahoma City, ND 96304"
Susan Williams,susan.williams353@zoho.com,(879) 347-2726,"1904 Lincoln Ave, Colorado Springs, PA 97531"
George Taylor,george.taylor@icloud.com,(514) 832-5282,"278 Jefferson Dr, Phoenix, LA 64638"
Linda Torres,linda.torres@protonmail.com,(400) 569-7448,"2569 Oak Ave, Dallas, NM 95623"
Matthew Wright,matthew.wright@hotmail.com,(315) 808-9034,"6504 Oak Ave, Boston, KY 43375"
Michael Garcia,michael.garcia@mail.com,(959) 361-9401,"9938 Elm St, Mesa, RI 68547"
Carol Scott,carol.scott@protonmail.com,(478) 926-6885,"6891 Cedar Ln, Indianapolis, WV 28526"
Joshua Garcia,joshua.garcia@zoho.com,(635) 916-1752,"5520 Pine Rd, Dallas, DE 37443"
Sandra Hill,sandra.hill918@hotmail.com,(914) 897-6196,"991 Lincoln Ave, San Jose, MO 11484"
Daniel Perez,daniel.perez@icloud.com,(814) 380-7187,"6728 Washington St, Los Angeles, AR 57433"
Carol Hernandez,carol.hernandez@mail.com,(360) 754-6201,"8911 Park Dr, Detroit, NM 17546"
Jennifer Williams,jennifer.williams@zoho.com,(439) 843-5825,"6641 Maple Ave, Phoenix, NV 79207"
Michelle Walker,michelle.walker27@hotmail.com,(407) 765-7331,"6008 Maple Ave, Albuquerque, CO 59419"
Carol Brown,carol.brown758@hotmail.com,(724) 273-4064,"473 Pine Rd, Washington, NE 99381"
Richard Torres,richard.torres@icloud.com,(520) 858-3683,"1761 Oak Ave, Nashville, WI 67698"
Linda Garcia,linda.garcia807@yahoo.com,(478) 627-7881,"8935 Maple Ave, Nashville, IA 33160"
William Sanchez,william.sanchez@yandex.com,(899) 548-5339,"2676 Pine Rd, Fort Worth, RI 26551"
James Lewis,james.lewis944@yahoo.com,(874) 834-8826,"7864 Elm St, Fort Worth, PA 87970"
Kenneth Robinson,kenneth.robinson@yahoo.com,(293) 203-9250,"7499 Jefferson Dr, Miami, ND 67519"
Barbara Taylor,barbara.taylor@mail.com,(228) 639-5746,"4859 Main St, New York, NY 13203"
James Thompson,james.thompson@hotmail.com,(750) 413-9527,"8544 Maple Ave, Denver, MA 40224"
Betty Robinson,betty.robinson240@hotmail.com,(856) 373-2166,"8016 Elm St, Austin, HI 67224"
Donna Walker,donna.walker@yahoo.com,(773) 547-3073,"7892 Oak Ave, Los Angeles, WA 35305"
Daniel Rodriguez,daniel.rodriguez@mail.com,(343) 364-7262,"457 Lincoln Ave, El Paso, UT 59547"
Donald Davis,donald.davis@yahoo.com,(495) 600-7470,"3247 Maple Ave, San Antonio, NM 31631"
Lisa Davis,lisa.davis@mail.com,(318) 858-4918,"5848 Oak Ave, Washington, KS 15222"
Daniel Lewis,daniel.lewis977@protonmail.com,(613) 576-2163,"9697 Park Dr, Charlotte, OH 99443"
Charles Smith,charles.smith@gmail.com,(208) 422-5863,"7377 Jefferson Dr, Portland, NV 52056"
Ruth Ramirez,ruth.ramirez608@yahoo.com,(609) 686-7658,"2412 Cedar Ln, San Antonio, ME 86023"
Anthony Walker,anthony.walker79@gmail.com,(796) 910-9003,"266 Cedar Ln, Oklahoma City, CO 23916"
Susan Torres,susan.torres902@outlook.com,(553) 554-9485,"9100 Washington St, Chicago, FL 29947"
Kevin Thompson,kevin.thompson@zoho.com,(202) 288-6076,"8626 Jefferson Dr, Kansas City, WY 63771"
Carol Lopez,carol.lopez@mail.com,(666) 495-5939,"364 Oak Ave, Mesa, WV 77387"
Jennifer Hernandez,jennifer.hernandez@aol.com,(911) 675-6858,"584 Jefferson Dr, Fresno, UT 32572"
